1070478084820881416,2,2,,en,Somewhere besides earth,Big facts...! Worst phone company I‚Äôve ever been apart of @sprint
1070479246034907136,1,2,,en,,RT @2CuppinByrd: Big facts...! Worst phone company I‚Äôve ever been apart of @sprint https://t.co/DdI2DaUG4p
1070507105851863040,1,2,,en,,@sprintcare @MichelCombes What a scam Sprint BYOD 1 year free promotion is!!!! I transferred a second line and now‚Ä¶ https://t.co/nZcWYFDFU9
1070462783312015360,2,2,,en,,@sprint Its almost Christmas Break! Next week is finals week! Thank you sprint for providing the best service ever!‚Ä¶ https://t.co/DHcOtVIlwi
1070494237815300097,1,2,,en,"Sacramento, CA",@sprintcare I signed up the other day for 2 lines and am getting charged for 3. I have now spoken to 4 people on th‚Ä¶ https://t.co/tdrgoFHN0W
1070504236440444928,1,2,,en,"Washington, USA",@sprintcare of last month. Still not here. And no one seems to be able to help now I have a bill from T-mobile bein‚Ä¶ https://t.co/TyvM7pTIms
1070490432625209344,1,2,,en,"Phoenix, AZ",@sprint is horrible omg üò°
1070520973424771073,1,2,,en,"Rochester, NY",I hate @sprint phone service ü§¨
1070460626693222401,1,2,,en,,@sprint Giving back to a local homeless man after a long time high school friend/neighbor who was homeless passed y‚Ä¶ https://t.co/opH9LpGUjF
1070497684480516096,1,2,,en,,@sprint @sprint  I am helping those less fortunate get through the season #MerryandBrightSweepstakes
1070459989700108288,2,2,,en,Jeffrey's Son,@sprint I‚Äôm gonna party #MerryandBrightSweepstakes
1070530028440612864,1,2,,en,"Close to Washington, D.C. - US",Hey @Sprint and @SamsungMobileUS why do you force crappy @facebook apps on my new phones? And you don't allow me to‚Ä¶ https://t.co/419g4XVQW2
1070473960024932352,1,2,,en,Queen City,"RT @MichelCombes: Follow me, @Sprint‚Äôs CEO, to see how we‚Äôre improving our network with #LTEAdvanced, #MassiveMIMO and soon, #5G, to increa‚Ä¶"
1070451704355794945,1,2,,en,,@sprint #MerryandBrightSweepstakes Everyone join in on this contest!
1070538097761443841,3,2,,en,,@sprint #MerryandBrightSweepstakes  The season is merry and bright when you can share with the people you see
1070528969517211648,1,2,,en,United States,@sprint @sprintcare I have repeatedly received poor customer service from sprint team members
1070459697520656384,2,2,,en,"Okeechobee, FL",@sprint here we go
1070456492690685954,1,2,,en,"Waterford, CT",@sprint I‚Äôm trying to not have to buy a car..... ya feel me??? #MerryandBrightSweepstakes
1070458666535567361,2,2,,en,"San Francisco, CA",@sprint I can't wait to share my holiday spirit this year on my Samsung S9 with the power of the dependable Sprint‚Ä¶ https://t.co/RRXUQljcKa
1070522587149754373,1,2,,en,"Belo Horizonte, Brasil",RT @Texas5GAlliance: We encourage everyone to check out @sprint's \"Ultimate 5G Explainer - the Untold Story\" https://t.co/cGG8vwomF9. #5G #‚Ä¶
1070459621930872832,2,2,,en,,"@sprint Happy Holidays!!\n#MerryandBrightSweepstakes https://t.co/Zp6KtgXpuv"
1070483477244665857,1,2,,en,"New York, USA","RT @sprintnews: .@Sprint is getting ready for the big game and #5G in #Atlanta with #LTEAdvanced, #MassiveMIMO, and LOTS more. https://t.co‚Ä¶"
1070528830627069958,1,2,,en,sitting on T0P ! ,Thought i was the only one that felt sprint is trash !! @sprint why am i paying for unlimited when ain‚Äôt shit unlim‚Ä¶ https://t.co/WxbzlBvCjh
1070490625953357825,1,2,,en,HYPHY CALIFORNIA ,I always get a Asian dating app ads like bro @sprint stop selling my xvideos history
1070539079618576384,2,2,,und,,@sprint
1070460362686939141,2,2,,en,somewhere out there,@sprint Streaming my favorite Christmas movies!üéÑ
1070481128455192576,2,2,,en,So Cal,Or maybe? Someone is going to call me in a bit to help resolve the issue. We'll see...
1070473361170538498,2,2,,und,,@sprint #MerryandBrightSweepstakes
1070452038469857280,2,2,,en,"Tulsa, Texas ",@raeganmargaret @sprint That‚Äôs the sole reason for me switching
1070534396992741376,2,2,,en,United States,@sprint #MerryandBrightSweepstakes for the win
1070508757464088577,2,2,,en,,@sprintnews @sprint @sprint @sprintnews what happened to Chicago
1070535570378641408,1,2,,en,,Bonus entries for sharing your Merry & Bright spirit @Sprint on Twitter with #MerryandBrightSweepstakes
1070466495052943360,3,2,,en,"West Virginia, USA",see you in court @sprint @sprintcare https://t.co/aOC1poDKdj
1070452242480816128,2,2,,und,"Atlanta, GA",@sprint #MerryandBrightSweepstakes
1070516751459323905,1,2,,en,"Chicago, IL üåÉ",@MLTHMari @verizon @TMobile @ATT @boostmobile @sprint Aye Chill Blood ü§£ü§£ü§£
1070481012721885185,1,2,,en,United States,"@sprintcare @rrjJEWEL @MichelCombes Also take a look at squashing the #5G, it‚Äôs not necessary and it‚Äôs going to har‚Ä¶ https://t.co/NSCGJYM5m2"
1070534081736130560,1,2,,en,"Washington, USA",@sprintcare 0% helpful have one of your supervisors call me back.
1070500918519574528,1,2,,en,United States,RT @RengekiDeer: @sprint Let's have a chat about how you're fucking over people with your fake promotions and how your merger with T-mobile‚Ä¶
1070490234729717761,1,2,,en,"Ohio, USA",@sprintcare No thank you.  I have 2 months left on my lease and then I'm gone..
1070459809261068288,2,2,,en,,@sprint We‚Äôre making traditional cookies to share with our family and neighbors #MerryandBrightSweepstakes
1070499360436146176,1,2,,en,"Washington, USA",@sprint Let's have a chat about how you're fucking over people with your fake promotions and how your merger with T‚Ä¶ https://t.co/pSKgymDI77
1070453492089794561,2,2,,und,,@sprint #MerryandBrightSweepstakes
1070505682003202049,1,2,,en,"Salt Lake City, UT","Join @X96 this Saturday, December 8th from 11 am to 1 pm at @Sprint in Sugarhouse! Everyone gets a pair of movie pa‚Ä¶ https://t.co/8ugT8kS1aE"
1070483961632063488,2,2,,en,So Cal,RT @KatrinaEmmel: Or maybe? Someone is going to call me in a bit to help resolve the issue. We'll see... https://t.co/t3u3GIOlMR
1070482490765144065,2,2,,en,Right near you ,@MichelCombes @sprint When are you improving your customer service?
1070504704675696640,1,2,,en,"Portland, OR",I didnt know @sprint had such great customer service (chat and phone support)...im impressed! ü§©üëåüèΩ
1070474972425007105,1,2,,en,,@TMobile @verizon @boostmobile @ATT do y‚Äôall treat people like @sprint does? If one of your agents says something a‚Ä¶ https://t.co/gXWKCUqUpL
1070464293261451264,2,2,,en,,@sprint getting more entries
1070493523424743425,1,2,,en,London/Miami,"@sprint As an alternative advent calendar this year, my colleagues and I are donating an item to a food bank collec‚Ä¶ https://t.co/0fAKMAeHLz"
1070506619803299841,1,2,,en,"Washington, USA",@sprintcare I don't appreciate being lied to or falsely advertised to. Let's do this. I don't have anything to hide. Can you say the same?
1070496330991038466,1,2,,en,Gym,"Tell me why I get A1 service on the red/purple line but when I‚Äôm back on the skreets it‚Äôs trash, @sprint?"
1070473205381558272,1,2,,en,,@sprint @sprintcare  has a deal where you get an XR free with an upgrade to an XS MAX/XS/XR with an additional line‚Ä¶ https://t.co/LdRWXK54z2
1070516993567141890,1,2,,en,"San Francisco, CA","@sprintcare AFTER PAYING AND WRAPPED , THAT‚Äôs WHEN SHE ASKED FOR MY OLD PHINE TO TURN IN. I TURNED IN MY PHONE. WE‚Ä¶ https://t.co/azNQoDH1oI"
1070466426002173953,1,2,,en,"Cincinnati, Ohio",@MichelCombes @FierceWireless @sprint Can you help me??? I can't seem to get in contact with my business account re‚Ä¶ https://t.co/iV6u2RCZV6
1070456551549349888,2,2,,en,"Lowell, MA",@sprintcare my account is no longer active why?
1070470142688137217,1,2,,en,,RT @SullyRP: We want to give @Sprint customers choice in their #5G device experience. Next year we‚Äôll be offering devices from @LGUSAMobile‚Ä¶
1070464524078252033,2,2,,en,"Minnetonka, MN","@sprintcare @MichelCombes Wow, you guys were all over it last night. Then Trent in OKC said he would test 30m after‚Ä¶ https://t.co/oovr7y4dhd"
1070507372676874240,2,2,,en,,@sprintcare @MichelCombes even though Telesales lady was very patient today but as soon as it turned 9 pm call was‚Ä¶ https://t.co/fPxYev7xnU
1070477266965061632,2,2,,und,,@sprintsback
1070487739731247105,1,2,,en,Florida,@jkmoncol @sprint Yeah but I pay a quarter million dollars a month with @sprint and am literally in a roaming area‚Ä¶ https://t.co/fUjsPxb8jL
1070492050741755910,1,2,,en,Kansas City,"RT @scott_santi: The big game may be 2 months away, but @Sprint's been super charging our network in #Atlanta w/ triband upgrades, small ce‚Ä¶"
1070489773406470144,1,2,,en,Midtown PHX AZ/Polonia 716 NY,Naughty cause I should ditch my overpriced cell carrier @sprint
1070515280260939776,2,2,,en,,@AwSugaHuniIcedT @sprint They‚Äôll make up for it somehow.
1070492375682818048,1,2,,en,,"RT @tracySprint: iPhone X for 50% off?\n\nThat's holiday shopping made easy when you switch or add a new line with @Sprint Flex!\n\nVisit us to‚Ä¶"
1070459961375903749,2,2,,en,"Chicago, IL","RT @mmcmahon09: Great meeting Antonio from SCI at @SamsClub in #PeachTreeCity ... along with my @Sprint NR peeps!!\n@DannyPinheiro4 #SprintO‚Ä¶"
1070494965992701953,1,2,,en,"San Francisco, CA",@sprintcare YES THIS IS. This is a lawsuit.
1070456858178142214,2,2,,und,chicago-ish,@sprint #MerryAndBright
1070481015188217856,1,2,,en,,RT @FierceWireless: It‚Äôs @sprint @MichelCombes vs. @Cisco Chuck Robbins for the most powerful person in wireless |  https://t.co/zQIPv5b1Mj‚Ä¶
1070538758292877312,1,2,,en,"Arizona, USA","RT @MichelCombes: Follow me, @Sprint‚Äôs CEO, to see how we‚Äôre improving our network with #LTEAdvanced, #MassiveMIMO and soon, #5G, to increa‚Ä¶"
1070535896758435840,3,2,,en,"Austin, TX",@sprint we are loving this holiday season merry christmas #MerryandBrightSweepstakes
1070510364813488128,1,2,,en,,@sprint I am doing nothing at all
1070471272331657221,2,2,,en,"Winston-Salem, NC",@marceloclaure I recently moved from @TMobile to @Sprint with a hope for better service but it was one of the most‚Ä¶ https://t.co/sl8qWTq9Pw
1070462523869143040,3,2,,en,Boston,@sprintcare I found it.
1070458617055326214,1,2,,en,"Dallas, TX","RT @SprintCTO: For more than a year, we‚Äôve been ramping up @Sprint‚Äôs Next-Gen Network build including #MassiveMIMO in #Atlanta to be ready‚Ä¶"
1070477136593543168,1,2,,en,Calgary Ab Canada,@AskPapaJohns @SoniGatr Abandoned k Mart was @sprint around ?
1070495323083149312,2,2,,en,United States,RT @MichelCombes: WOW! I‚Äôm very honored to be named @FierceWireless‚Äô ‚ÄúMost Powerful Person‚Äù in the U.S. wireless industry & grateful for th‚Ä¶
1070464020388474880,2,2,,et,"Racine, WI","Merry Christmas\n#MerryandBrightSweepstakes\n@sprint"
1070474816111697920,1,2,,en,"Cleveland, OH",@Princesswikki @sprint I‚Äôm a walk away from the Cantina but do frequent that location as well üòÇ
1070477612529709061,2,2,,en,,Hey @sprint is it your policy to have customers on hold for a total of 45 minutes and counting just to speak to a s‚Ä¶ https://t.co/3GSPJ5p0mP
1070458518443094016,2,2,,en,,@sprint Happy Holidays! https://t.co/rE1fmOZ9au
1070458669387591680,1,2,,en,,The @sprint repair store employee laughed at my iPhone 5S :( it's my only backup phone!!! üò¢üòÇüòÇ
1070492494809296896,1,2,,en,,"@sprint, y‚Äôall are some bitches üôÑ"
1070487028943515649,1,2,,en,,@sprintcare @MichelCombes There‚Äôs got to be some kind of promo giveaway for thatüôèüèæ
1070459552318005248,2,2,,und,United States,@sprint #santasquad8 https://t.co/5PwZswCQzs
1070516742554832896,1,2,,en,Philadelphia Pa,@sprint We do your loyalty customers get now? I been with you for 14yrs..... Like can we get a month free or something like come on ü§¶üèΩ‚Äç‚ôÇÔ∏è
1070508493797376001,1,2,,en,"Washington, USA",@sprintcare And if you won't be held accountable for your bullshit you don't need my business. Full stop.
1070477157086961664,1,2,,en,Pittsburgh,@sprintcare I'm having issues connecting my phone to my wifi at home
1070529933225705472,1,2,,en, #Atlanta ,@_CHOCOLATEMUFF @sprint Right it will slow down quick!!! I had shook my phone so bad last month when it was acting up
1070519823115800576,2,2,,en,,@sprintcare @hype_gabe This is what 10 year old technology?
1070462533184749570,2,2,,en,36th,@sprintcare Eat a dick
1070517771404902400,1,2,,en,"Washington, USA",@sprintcare STILL WAITING. Guess keeping customers isn't a high priority.
1070461345638707200,2,2,,und,Dreamville,ü§î @sprint @TMobile @verizon
1070517554916016134,1,2,,und,"Chicago, IL üåÉ",@MLTHMari @whYGee65 @verizon @TMobile @ATT @boostmobile @sprint ü§¶üèæ‚Äç‚ôÇÔ∏èüòÇüòÇüòÇ
1070519260198236160,2,2,,en,"Washington, USA","@RyuuOkami1 @sprint Why thank you, Ryuu. u vu EVERYONE SHOULD KNOW HOW @sprint CAN ROB YOU"
1070519080174714880,1,2,,en,"Back Bay, Boston",RT @NtechYel: Congratulations! @MichelCombes for being this year's #Fiercewireless \"The #Most #Powerful Person\" in the #US #Wireless. It wa‚Ä¶
1070530798229643265,1,2,,und,sitting on T0P ! ,@OfficialDurrell @sprint üòÇüòÇüòÇü§£ü§£ü§£
1070452288739860480,1,2,,en,"Frisco, TX","RT @sprintnews: .@Sprint is getting ready for the big game and #5G in #Atlanta with #LTEAdvanced, #MassiveMIMO, and LOTS more. https://t.co‚Ä¶"
1070482454912397314,1,2,,en,"Shawnee, KS",@electro211 @MichelCombes @mikeschubert @sprint @TMobile Sorry Jamie.  Our 4 lines of @sprint are only $60 plus tax‚Ä¶ https://t.co/0Blx4bpsm7
1070465615524233222,1,2,,en,,RT @jra21_: Fuck @sprint y‚Äôall service worse than pocket communication rt
1070500701686693888,1,2,,en,"Gainesville, FL","PASTOR: Bring all your problems to the alter.\n\nME: Come on @sprint üòíüôÅ"
1070466890022219777,2,2,,en,"Brooklyn, NY",@sprint please pick me I‚Äôve never won anything in my life. I need a new car I‚Äôm driving a damn 98 accord üòû
1070513922455863296,1,2,,en,"38.891727,-77.023989","I cannot justify continuing to spend $150 to a trash company, who literally does nothing for is customers. 4 years‚Ä¶ https://t.co/6EUCwkMewJ"
1070451410116976641,2,2,,en,,@sprint #MerryandBrightSweepstakes MerryandBrightSweepstakes
1070510501845590016,1,2,,en,,@sprint #I am doing nothing
1070502817448775680,2,2,,und,,@Sprint  #MerryandBrightSweepstakes
1070459406268227585,2,2,,und,United States,@sprint #santasquad8 https://t.co/Etr4lXkHqT
1070515865601392640,1,2,,en,,RT @LiyahsWorld__: @sprint what kind of deal can we work out with adding my 6 month niece to my plan? I‚Äôm sick of having to play phone tag‚Ä¶
1070463492396908544,3,2,,en,"sa,tx",honestly!
1070523588514598912,1,2,,en,Kansas City,"RT @scott_santi: The big game may be 2 months away, but @Sprint's been super charging our network in #Atlanta w/ triband upgrades, small ce‚Ä¶"
1070474678223949824,1,2,,en,"Lutz, FL","@kim_diver @sprintnews @sprint Oh also btw, iCrapple wont support 5G until 2020, what a snob üò§, ditch them..."
1070454360415576065,2,2,,und,,#santapicture #santasquad5 @sprint https://t.co/A8RmQkEx6e
1070477794566639616,1,2,,en,"Michigan, USA","I know I've said this a thousand times but the @sprint store in Tecumseh, Michigan is the most unhelpful store. I'm‚Ä¶ https://t.co/RruGTWulNu"
1070522042796126208,2,2,,und,,#MerryandBrightSweepstakes @sprint
1070529228079316997,2,2,,en,United States,@sprint hold times are outrageous. I have been on hold for over an hour to speak to a team member
1070465846395527170,2,2,,en,Northfield MN,"man, being on a @sprint family plan, but not being the 'owner' of the account sure makes it easy to log into your a‚Ä¶ https://t.co/OFs90CaYDm"
1070452438145097730,2,2,,en,"Atlanta, GA",@sprint #MerryandBrightSweepstakes being super positive
1070451519219253249,2,2,,und,,@sprint #MerryandBrightSweepstakes
1070495132837928960,1,2,,en,,RT @FierceWireless: Sprint‚Äôs Michel Combes voted the most powerful person in U.S. wireless for 2018 |  https://t.co/sgKgdKbjbK Congrats to‚Ä¶
1070519224320241664,3,2,,en,"Eugene, OR",RT @RengekiDeer: Ask @sprint today how they can steal from you too!
1070511429055381504,1,2,,en,"Back Bay, Boston",Congratulations! @MichelCombes for being this year's #Fiercewireless \"The #Most #Powerful Person\" in the #US‚Ä¶ https://t.co/Ipuh9bnzAL
1070491227861213184,1,2,,en,850 ‚úàÔ∏è 304 üëâüèø614üëâüèø419 ,"@sprintcare No, and I‚Äôm not sending shit. Stop contacting me and trying to act like you are going to do something a‚Ä¶ https://t.co/M7xpqpIf1a"
1070517027138232320,1,2,,en,"Washington, USA",@sprintcare SAYS TO DM THEM AND THEN IGNORES YOU
1070461664997359616,2,2,,und,Boston,@sprintcare How
1070505972211187712,1,2,,en,,@sprint so apparently sprint store business model. \"Buy\" you out of your old contract. Take your phone as trade in.‚Ä¶ https://t.co/wTS8LaJDWF
1070516337347223552,1,2,,en,"Washington, USA",@sprintcare I'll be taking your ass to court I guess don't actually care or want to help. Shocking.
1070459754189910017,2,2,,und,United States,@sprint #santasquad8 https://t.co/SbD50qnUJj
1070465615092170753,1,2,,en,"Cincinnati, Ohio",@MichelCombes @sprint @BOSSMANLOVESYOU @hulu @TIDAL I would love to speak to my account representative for my busin‚Ä¶ https://t.co/WKuK3PfQ5k
1070491837725462528,1,2,,en,,"RT @SprintCTO: For more than a year, we‚Äôve been ramping up @Sprint‚Äôs Next-Gen Network build including #MassiveMIMO in #Atlanta to be ready‚Ä¶"
1070509768878497792,1,2,,en,"San Antonio, TX",Have to say it  ‚Äî @sprint customer service has been utterly terrible today.  About time to switch!
1070518951061397505,2,2,,en,Florida,@RengekiDeer @sprint Boosted. Because I agree. XD
1070459610346049537,3,2,,en,"Cottonwood,California",@sprint I would love to win something from Sprint
1070457312907853829,1,2,,en,Somewhere Livin‚Äô,"RT @RB_TRUEST: PASTOR: Bring all your problems to the alter.\n\nME: Come on @sprint üòí"
1070489502609801221,2,2,,und,MN,@sprint #MerryandBrightSweepstakes
1070477023590694913,1,2,,en,"Overland Park, KS",RT @marceloclaure: Thank you to the 300 @Sprint partners who volunteered their time to activate thousands of new devices for #KC high schoo‚Ä¶
1070518778088341504,3,2,,en,Florida,RT @RengekiDeer: Ask @sprint today how they can steal from you too!
1070470133670440960,1,2,,en,"West Virginia, USA","@sprintcare @sprintcare  thank u next, bitch . @ATT i want you üòá"
1070511283659792384,3,2,,en,"Chicago, IL",@sprint grimmy af!
1070516696929193985,1,2,,en,"Chicago, IL üåÉ",RT @MLTHMari: @verizon @TMobile @ATT @boostmobile @sprint one of y‚Äôall turn folks phone off pleaseeee https://t.co/wfauIBDOnA
1070484724571955201,2,2,,en,DC Metro Area,@sprintcare Maybe... I had to hang up and start over because billing put me on hold and I waited about 30 minutes.‚Ä¶ https://t.co/BJC9ZUHHrV
1070517242549493760,1,2,,en,"Chicago, IL üåÉ",@whYGee65 @MLTHMari @verizon @TMobile @ATT @boostmobile @sprint He Won‚Äôt Let Me Be Great.. Fuck On Somewhere Fuck Head üòÇüíÄ
1070490152823328769,1,2,,en,New Jersey,@sprint the link doesn't work :(
1070511195336138752,1,2,,en,,@sprint what kind of deal can we work out with adding my 6 month niece to my plan? I‚Äôm sick of having to play phone‚Ä¶ https://t.co/zHBMUuV0a0
1070454891770974210,2,2,,und,"Charlotte, NC",@sprint #MerryandBrightSweepstakes
1070471415055314945,2,2,,und,Colorado,@Sprint    #MerryandBrightSweepstakes
1070454997048066049,3,2,,en,,@sprint merry and bright
1070512342750896129,1,2,,en,,I have an idea for @Sprint.  Don't try to sell me more products and services when the ones I am calling about aren'‚Ä¶ https://t.co/MsQD2rayf1
1070462562129588227,1,2,,en,"Washington, DC",Huawei's CFO is arrested and yet @sprint and @TmobiIeUSA still won't say if they'll use Huawei equipment. They cann‚Ä¶ https://t.co/uumxqsQFpK
1070533107210698752,2,2,,und,"Minnesota, USA",@sprint #MerryandBrightSweepstakes
1070490798741811200,1,2,,en,HYPHY CALIFORNIA ,I always get Asian dating app ads like bro @sprint stop selling my xvideos history
1070454521573400581,2,2,,und,,#santapicture #santasquad5 @sprint https://t.co/EI5j9xBwnN
1070463243787726849,1,2,,en,,"I‚Äôve been hung up on by sprint twice tonight. Shit, I hope they don‚Äôt call me back. @sprint"
1070463091673104384,1,2,,en,,"@MarkCook1970 @sprint Evidently, You get what you pay for."
1070520084119150592,1,2,,en,"Back Bay, Boston",RT @NtechYel: Congratulations! @MichelCombes for being this year's #Fiercewireless \"The #Most #Powerful Person\" in the #US #Wireless. It wa‚Ä¶
1070520461723869186,1,2,,en,"Back Bay, Boston",RT @NtechYel: Congratulations! @MichelCombes for being this year's #Fiercewireless \"The #Most #Powerful Person\" in the #US #Wireless. It wa‚Ä¶
1070487462668058624,1,2,,en,850 ‚úàÔ∏è 304 üëâüèø614üëâüèø419 ,"I just want it to be clear and known that if anybody needs it, I am filing a lawsuit against @sprint @sprintcare .‚Ä¶ https://t.co/fULVkJkTp5"
1070458746374041600,2,2,,en,AZ,@MichelCombes @sprint NOPE. NOPE. And NOPE again. I‚Äôd rather use two tin cans and string to communicate then subjec‚Ä¶ https://t.co/VabenFlkMn
1070518612866166784,3,2,,en,"Washington, USA",Ask @sprint today how they can steal from you too!
1070519211573764096,2,2,,en,"Eugene, OR",@RengekiDeer @sprint Stealing and ripping you off at the same time. It‚Äôs a great company.
1070519333342724096,2,2,,en,"Washington, USA",@PinkKacey @sprint ISNT IT PEACHY
1070517453682298880,1,2,,en,Chicagoüåá - Harveyüåé,@LilBoy_Fresh @whYGee65 @verizon @TMobile @ATT @boostmobile @sprint üòÇüòÇüòÇ you gotta be stopped
1070510103156031488,1,2,,en,"Washington, USA",@sprintcare WELL I guess you just better do your job right and ethically because it will be posted publicly regardl‚Ä¶ https://t.co/4hATcVXFcS
1070473850683559936,1,2,,en,,EXACTLY WHAT I DID WITH MY 7+. Try me. @sprint doesn‚Äôt wanna help you they just wanna take your money. My bill with‚Ä¶ https://t.co/hPPuW3RibB
1070456308220993536,3,2,,en,"Johnson City, TN",@sprint I‚Äôm gonna win!
1070504015832608768,1,2,,en,"Washington, USA",@sprintcare Yeah I don't like being lied to about promotions. I did you buy out offer. You guys told me to hang ont‚Ä¶ https://t.co/Qef10OMEHa
1070458284136689665,2,2,,und,"Bethalto, IL",@sprint #MerryandBrightSweepstakes
1070450954292641798,3,2,,en,,"@sprint #Visiting family,# lots of love"
1070467327056113664,2,2,,en,Boston,@sprintcare I asked for somebody to call me from America. I got a call from somebody in Trinidad who asked me hello‚Ä¶ https://t.co/p7stdVBXZS
1070464344985665536,2,2,,und,"Louisville, KY",@sprint #MerryandBrightSweepstakes
1070467010767847425,1,2,,und,,@sprint #santasquad2 #santapictures https://t.co/wFuw9JI9cz
1070467316771667968,1,2,,en,"Laredo, TX",@Apple you have a poor way of handling customers.  You need to work with @sprint to resolve the back order issue on‚Ä¶ https://t.co/JDkhkaGhiM
1070513461698936832,1,2,,en,United States,@ATT @verizon @sprint @TMobile does üá¶üá∂ Antarctica have any hot spots? #CanYouHearMeNow #wifi #RethinkPossible‚Ä¶ https://t.co/ZXH3VsqGuv
1070509643242311680,1,2,,en,,"An estimated 30,000 will be lost across the country in the potential @TMobile - @sprint merger!\n\nWe want real commi‚Ä¶ https://t.co/7qON1Wr3Jg"
1070462176043900928,1,2,,und,,@ZakkFlash @MichelCombes @marceloclaure @sprint @SoftBank https://t.co/lqJG8PCwso
1070452027384365056,2,2,,und,,@sprint #santapicture #santasquad5 https://t.co/XL5XFMXwrs
1070464526632607744,1,2,,en,,@ZakkFlash @MichelCombes @marceloclaure @sprint @SoftBank We aren‚Äôt just another deadbeat customer. We have tried f‚Ä¶ https://t.co/y9tpMFhJZF
1070458937760198656,2,2,,und,United States,@sprint #santasquad8 https://t.co/hGdpckCnkX
1070460081945235458,2,2,,en,Utah,@sprint you‚Äôre awesome!!!
1070497322113490944,1,2,,en,"Portland, OR","@MichelCombes @sprint NO(, FIgure YOur STuff OuT YUorselF. SELL SPRINT TO YOUR WORKERS, Y/you LAZY BAstard!"
1070526577744728068,2,2,,en,"Mesquite, Texas",@sprint Cozy socks and Christmas movies add so much to this time of year. Makes the early sunsets bearable. I love‚Ä¶ https://t.co/le7sF14n8H
1070465579654545408,2,2,,en,,@sprint your service is the trashiest service on earth
1070533171534577671,3,2,,en,,@sprint I receive it in Jesus Christ mighty name.
1070459709390577666,2,2,,und,,@Scootrrr_ @sprint Omm
1070460306659426304,2,2,,en,"Marlton, NJ",hoping to win!! @sprint
1070468333361713154,1,2,,en,"Washington, DC",is mimo slang term in france for pepe
1070451283616784384,2,2,,und,,@sprint #MerryandBrightSweepstakes
1070521097228091392,1,2,,en,"38.891727,-77.023989","@sprintcare How many times do I have to DM, call, and have trouble tickets opened. Like can y‚Äôall just cancel my pl‚Ä¶ https://t.co/03lDfVwcMr"
1070454253163081728,2,2,,en,,Thank you so much to our Sprint partners for walking a day in our shoes at the @1MillionProject and helping us acti‚Ä¶ https://t.co/4EuUEDYCqz
1070519687027388416,1,2,,en,"California, USA",@sprint driving my family around to see the lights in a new benz? üòç #MerryandBrightSweepstakes
1070500902996504576,1,2,,en,"Florida, USA",RT @RengekiDeer: @sprint Let's have a chat about how you're fucking over people with your fake promotions and how your merger with T-mobile‚Ä¶
1070484022579605506,2,2,,en,,@sprintcare how do we enter sweepstakes? All links in my email and online say \"503 service unavailable.\" https://t.co/abqkjAZ7Rc
1070482958371471361,1,2,,en,"D.C., Maryland, Virginia",Meet up with @AlbieDee and our Street Team at @Sprint on Saturday from noon to 2 p.m.  https://t.co/eJpMSDGxnc
1070494627910815744,1,2,,en,,.@sprint @sprintcare  I am unable to enter your  \"Merry and Bright Sweepstakes.\"   https://t.co/njJvgx0sHI
1070514825283813376,1,2,,en,"Washington, USA",@sprintcare Yeah you don't actually give a shit. Expected. Thanks for nothing.
1070458065835700225,2,2,,und,United States,@sprint #santasquad8 https://t.co/yzt0cXVrgb
1070511788381356032,1,2,,en,"Back Bay, Boston",RT @NtechYel: Congratulations! @MichelCombes for being this year's #Fiercewireless \"The #Most #Powerful Person\" in the #US #Wireless. It wa‚Ä¶
1070482690950889473,1,2,,en,"San Francisco, CA",@sprint received two messages from sprint saying I changed my account PIN number. I HAVE NOT CHANGED MY ACCOUNT NUM‚Ä¶ https://t.co/LIojIKSUK1
1070464519091023873,1,2,,en,"Litchfield Park, AZ",@JohnLegere @sprint and @TMobile  merging?
1070462873732820992,1,2,,en,,@ZakkFlash @MichelCombes @marceloclaure @sprint @SoftBank We aren‚Äôt just another deadbeat customer. We have tried f‚Ä¶ https://t.co/YDdrHUhbnD
1070461362541744129,2,2,,en,"Silicon Valley, California",@sprintcare Sent!
1070533079100473344,2,2,,und,,@sprint
1070508631513280512,2,2,,en,NYC,wow. @sprint @sprintcare you have the most incompetent phone service representatives I‚Äôve ever encountered and I fe‚Ä¶ https://t.co/oFZEPMZaRd
1070458695522361345,2,2,,und,United States,@sprint #santasquad8 https://t.co/4Gd7kkuyzZ
1070532378966220800,3,2,,en,"Laguna Niguel, CA",@marceloclaure @sprint @1MillionProject Great cause! Changing lives in a meaningful way!
1070519905466884097,2,2,,en,Florida,@RengekiDeer @sprint You're welcome! Glad I could help!
1070452265016791043,2,2,,und,,@sprint #MerryandBrightSweepstakes
1070536391187144704,2,2,,und,,@Sprint  #MerryandBrightSweepstakes
1070494290600710145,2,2,,en,,This is @sprint customer service. I‚Äôm on hold now for almost 20 minutes after speaking with a rep. @verizon U want‚Ä¶ https://t.co/LvMq5QYxVg
1070529325542371328,1,2,,en,,@MichelCombes @sprint Step up the Game more and take out Verizon.  üëçüèª
1070459633238589440,1,2,,en,"Kansas City, MO",RT @SullyRP: We want to give @Sprint customers choice in their #5G device experience. Next year we‚Äôll be offering devices from @LGUSAMobile‚Ä¶
1070512667347963904,1,2,,en,,@sprintcare Well you (tmobile/sprint) pushed me out of tmobile with blatant misshandling of my account. Low and beh‚Ä¶ https://t.co/bj6N4bqNtY
1070498953324650496,2,2,,en,,@sprintcare Would like some help activating a phone please <3
1070485341696598016,2,2,,en,,@sprint thanks for your excellent service in not having your own technicians not being able to fix a SIM card issue‚Ä¶ https://t.co/7x9VP20SaP
1070502786339500032,2,2,,en,"Washington, USA",@sprint :) We will get this settled or I'll see you in court.
1070471766257082368,1,2,,en,"Lutz, FL","@kim_diver @sprintnews @sprint I will, Samsung S10 with 5G capability. Just need the Network ü§îüôÑ"
1070528988324524032,2,2,,en,,ROYAL RUUUUUMBLE
1070451921905868801,2,2,,en,,RT @SprintCTO: #MassiveMIMO is the foundation of @Sprint‚Äôs #5G network & already benefiting 4G #LTEAdvanced today. Look at the great result‚Ä¶
1070495513378729985,1,2,,en,,@sprint I‚Äôve tried to unlock an old phone for almost two weeks now and have called four times for someone to get it‚Ä¶ https://t.co/mZ8bbyKx0f
1070516648107536385,1,2,,en,Chicagoüåá - Harveyüåé,@verizon @TMobile @ATT @boostmobile @sprint one of y‚Äôall turn folks phone off pleaseeee
1070489056167911424,1,2,,en,"Boise, ID","@MichelCombes @sprint I'd join sprint, but you need more towers for better cell reception. I live here in Nampa Ida‚Ä¶ https://t.co/936F9Q87g3"
1070510672302075904,1,2,,en,,@sprint @sprint I am doing nothing much
1070532070638829569,1,2,,en,,@troydelivers @troydelivers trust me you don‚Äôt want to be involved. This is a bunch of corporate companies with shi‚Ä¶ https://t.co/bGnLY88Zqn
1070525133868163072,1,2,,en,Pennsylvania ,Shoutout to @sprint @sprintcare for always resolving my billing issues. Keep up your customer-centered attitude! As‚Ä¶ https://t.co/D2AolFpZRC
1070460050806849536,1,2,,en,"Dallas, TX ",@sprint why y‚Äôall so trash?
1070462106707750913,1,2,,en,I'VE BEEN&AM THE ONLY VICTIM,RT @CAFFREY1_USA: @__CAFFREY__USA @boostmobile @sprint @MetroPCS @VMUcare @StateDept @FCC Hey past/present/wannabe #sprint #sprintcare @boo‚Ä¶
1070471369161433088,1,2,,en,,@sprintcare I‚Äôll take Edmonton in the first game and my second pick will be ducks https://t.co/kBGmnRYtoK
1070481742182649856,2,2,,en,,"Correct, you can bank on it!!"
1070461122547986432,1,2,,en,36th,Fuck @sprint y‚Äôall service worse than pocket communication rt
1070515887252365312,2,2,,und,,@LiyahsWorld__ @sprint üòÇ
1070451202553536512,2,2,,en,SweetHome Alexandria,@sprint I want the vehicle! #MerryandBrightSweepstakes
1070530589420371968,2,2,,en,,"This is what the\n\nDon't say it\nDon't say it\nDon't say it\n\nTweets wish they were"
1070455166535639042,2,2,,en,,@sprint I am making sure that Santa will be able to bring my kids everything on their wish list. To see the look on‚Ä¶ https://t.co/QY686aYZhk
1070536038387470336,2,2,,und,,@sprint #MerryandBrightSweepstakes
1070477131866652673,1,2,,en,"Bandera, Texas",RT @SullyRP: We want to give @Sprint customers choice in their #5G device experience. Next year we‚Äôll be offering devices from @LGUSAMobile‚Ä¶
1070456123965222912,1,2,,en,"Oklahoma City, OK",ü•ö nog? ‚úÖ üßù‚Äç‚ôÇÔ∏è on a shelf? ‚úÖ üéÖüèæ suit? ‚úÖ sounds like it‚Äôs gonna be a great Christmas @sprint #MerryandBrightSweepstakes
1070531477664878592,1,2,,en, #Atlanta ,@_CHOCOLATEMUFF @sprint This all they gone see https://t.co/1eIazDAiKT
1070491970005422081,1,2,,en,,"RT @MichelCombes: Too early to tell who will be playing #SB53 in Atlanta this February, but the @Sprint network team will be ready with big‚Ä¶"
1070488388745224192,2,2,,und,"Brookfield,WI",@Sprint  #MerryandBrightSweepstakes
1070458492320931840,2,2,,und,United States,@sprint #santasquad8 https://t.co/zfctDicZQ6
1070460332932562944,2,2,,und,,@sprint
1070536417023975424,1,2,,en,,@sprintnews @sprint Must be nice here in portland i used to have amazing service now a days i used to download 5gb‚Ä¶ https://t.co/XX6tX6ZLlG
1070480998217981952,1,2,,en,,"Had enough of Sprint! Entire family is switching this week, can't wait to dump #sprint #nocoverage #1percent"
1070538085988007936,2,2,,und,,@Sprint #MerryandBrightSweepstakes
1070472315706769409,2,2,,en,"Overland Park, Kansas","I hope it's warmer outside than in my office! #brrrr (at @Sprint Campus Building 6360 in Overland Park, KS) https://t.co/d89fpSZozw"
1070530710799302657,1,2,,en,,@Buckeye_Justice @sarahherron @TMobile I‚Äôm actually good friends with them... haven‚Äôt heard from them since this ad‚Ä¶ https://t.co/yttoln2me1
1070504271202975745,1,2,,en,"Bartlett, IL",@sprintcare @MichelCombes Once again missing my point. I have talked to you people since March of this year I wanna‚Ä¶ https://t.co/76aUGKvYWx
1070528555979804672,1,2,,en,,@Eric_Ramos10 @seanfeeney22 @Bose @BoseService Oh fuck. @Bose vs @seanfeeney22 / @justinBRObara vs DUMB ASS SHIT SE‚Ä¶ https://t.co/o2PsuxcpPL
1070538606807265281,2,2,,en,,@sprintcare please check DMS . Yet ANOTHER bill issue
1070466299791372288,2,2,,und,United States,@sprint #santasquad8 https://t.co/ApffPmbe38
1070483515832233989,1,2,,en,Where Xbox Live meets PSN,I broke my phone and walked out with the iPhone x for $30 lmaooo ily @sprint
1070480949853470720,1,2,,en,,RT @FierceWireless: Sprint‚Äôs Michel Combes voted the most powerful person in U.S. wireless for 2018 |  https://t.co/sgKgdKbjbK Congrats to‚Ä¶
1070456797767626752,1,2,,en,"Austin, Texas",RT @Texas5GAlliance: We encourage everyone to check out @sprint's \"Ultimate 5G Explainer - the Untold Story\" https://t.co/cGG8vwomF9. #5G #‚Ä¶
1070539135855853568,2,2,,und,,@sprint j
1070537879485591552,1,2,,en,"Grand Rapids, MI",@MichelCombes @sprint Thanks! Switched from @ATT to @sprint and haven‚Äôt regret is one bit! Can‚Äôt wait till 5G happens!
1070496594154397696,1,2,,en,"New Orleans, LA ",@sprint y‚Äôall service really fckin SUCK!!
1070535350127276032,3,2,,en,Redondo Beach,Exciting times as @sprint marches towards #5G!
1070537159197765632,2,2,,en,,@sprintcare why do I have two bills due this month. You guys have messed up somewhere.
1070519979773059079,2,2,,en,,"RT @mmcmahon09: Great meeting Antonio from SCI at @SamsClub in #PeachTreeCity ... along with my @Sprint NR peeps!!\n@DannyPinheiro4 #SprintO‚Ä¶"
1070485314962100224,1,2,,en,Dallas Texas,"@ericsson @EricssonDigital @TeliaSverige Who would partner with to do the same thing in the rebuilding of Paradise,‚Ä¶ https://t.co/VJ00QSyEEL"
1070503400775843840,1,2,,en,…™…¥s…™·¥Ö·¥á ·¥Ä  ü·¥è…¥·¥á ü è  ú·¥á·¥Ä Ä·¥õ‚õµÔ∏è,So sprint is officially cancelled @sprint y‚Äôall are out y‚Äôall mind if you think I‚Äôm about to pay $467.09 on a phone bill !
1070512912161214464,1,2,,en,"38.891727,-77.023989",@sprint u mean to tell me after like 15 calls & still haven‚Äôt found a resolution to ur service being shitty. Engine‚Ä¶ https://t.co/cgL9slpsSF
1070478894745206784,1,2,,en,Gaithersburg,"RT @SprintCTO: For more than a year, we‚Äôve been ramping up @Sprint‚Äôs Next-Gen Network build including #MassiveMIMO in #Atlanta to be ready‚Ä¶"
1070463139651698689,1,2,,en,,@ZakkFlash @MichelCombes @marceloclaure @sprint @SoftBank I‚Äôm told we ‚Äúowe‚Äù that money regardless. I‚Äôm told we shou‚Ä¶ https://t.co/ztUAprKmcL
1070509525025865728,1,2,,en,,@sprintcare @MichelCombes I can be reached tomorrow after 10:00 AM.
1070518076863524864,1,2,,en,"Washington, USA",@sprint Totally cool with fraud and ignoring customers.
1070490723408064512,1,2,,en,"Macomb, IL","@MarkCook1970 @sprint I'm on roaming at home all the time too. It's ridiculous, I've been seriously considering lea‚Ä¶ https://t.co/4dwIbEFnVa"
1070465075851485187,1,2,,en,W/ Juicy,@sprint @sprint I‚Äôm making this season special by creating holiday traditions with my partner. Going to cut down a‚Ä¶ https://t.co/5wEKL5Y6oJ
1070465181380173825,2,2,,en,,"RT @mmcmahon09: Great meeting Antonio from SCI at @SamsClub in #PeachTreeCity ... along with my @Sprint NR peeps!!\n@DannyPinheiro4 #SprintO‚Ä¶"
1070525006940135425,2,2,,en, #Atlanta ,Got damn it @sprint y‚Äôall can‚Äôt never just work can you! I want my phone to work at all times!
1070512798025826305,1,2,,en,"San Francisco, CA","@sprintcare Whether is my account or PIN number, I shouldn‚Äôt received this information if I did not do it."
1070530908338483200,2,2,,und,,@sprint
1070462080992665601,1,2,,en,Boston,@sprintcare What‚Äôs your email and I will send my phone number for you to call me back at
1070464243873521664,1,2,,en,DC Metro Area,Dear @sprint @sprintcare I can't hear your customer service agent over the roar of the call center in the backgroun‚Ä¶ https://t.co/flfyTB10a9
1070492029682155520,1,2,,en,,@sprint your sweepstakes link is not working
1070467570665447426,1,2,,en,Boston,@sprintcare Your Customer service is just not that goodüò¢üò¢üò¢üò¢
1070475145515388928,2,2,,en,Bayou,"I appreciate the effort, lets start by calling the @FCC and letting them know merger should be denied to protect bo‚Ä¶ https://t.co/QRwJIurDMp"
1070458238481694721,2,2,,und,United States,@sprint #santasquad8 https://t.co/vlydrdO0T7
1070475436881252352,1,2,,en,"California, USA","Brian M. Grady, IT Manager MGM Resorts Intl Corp @MGMResortsIntl is using fake invoices to steal money from MGM. Br‚Ä¶ https://t.co/D1SHD82HqF"
1070466277465120768,1,2,,en,New jersey,I‚Äôm so glad i do not have sprint no more üò´ cause @sprint  service suck ü§¨
1070488398094315520,2,2,,en,"Dallas, TX",Hey GUYS @sprint now how‚Äôs VOICE OVER LTE!!! You can now talk on the phone and browse the web!
1070453309608247298,1,2,,en,Iowa,@sprint Wishing all a #MerryandBrightSweepstakes Christmas!
1070451536797622279,3,2,,en,"Nashville, TN",@sprint I'll be trying to tweet every day so I can win
1070452173023129602,1,2,,en,"Frisco, TX",RT @roberthackl: Quiz time! Did you know we extended #SprintComplete Fall Open Enrollment? We did until 12/31! Because #SprintFam understan‚Ä¶
1070530704356700161,1,2,,en, #Atlanta ,@_CHOCOLATEMUFF @sprint Uma shake a mf tower if they keep playing in my face
1070527239043788801,1,2,,en,"Leimert Park, Los Angeles","@Sprint really sucks \n\nThe absolute worst phone company"
1070514349305937920,1,2,,en,,Instantly regretting @sprintcare change from previous provider. Was PROMISED Hulu live tv and now we must pay more.‚Ä¶ https://t.co/Omrowtgrzj
1070479192863662080,1,2,,en,So Cal,"Maybe not. I've been waiting 20 minutes now, and no further communication from the @Sprint rep."
1070465042875854852,1,2,,en,"Florida, USA ",@lourentius72 @sprintnews @sprint Phons you will have to get new phones!!!! üòÇ
1070522039897853952,2,2,,en,,@sprint The link isn‚Äôt working
1070462789993578497,2,2,,en,Boston,@sprintcare You there??
1070530723755540480,2,2,,en,,"@sprintcare Ok, Thanks"
1070459926336671744,2,2,,und,,@sprint https://t.co/5FS2eotrRY
1070482479578927104,2,2,,en,AZ,@sprintcare @MichelCombes We have moved on. Sprinted away...I guess one could say. You are a nightmare we never wan‚Ä¶ https://t.co/bvEj8TWPmy
1070452262684766213,1,2,,en,"Frisco, TX","RT @SprintCTO: For more than a year, we‚Äôve been ramping up @Sprint‚Äôs Next-Gen Network build including #MassiveMIMO in #Atlanta to be ready‚Ä¶"
1070504472844140545,1,2,,en,,Very disappointed with @sprint and the misrepresentation and poor customer service!! 3 days and countless time on t‚Ä¶ https://t.co/s5MhSGMXoQ
1070520765857050624,1,2,,en,,@sprintcare @jshat214 5 days is tough im going on 15 days where I live. Sprint can‚Äôt give anyone a date and time on‚Ä¶ https://t.co/17q64ykESc
1070530031967969280,1,2,,en,,RT @justinBRObara: ROYAL RUUUUUMBLE https://t.co/WjQEfr2qmK
1070463220958289925,1,2,,und,,@sprint #SantaPictures #SantaSquad3 https://t.co/qnRBTeLPUP
1070508428743692288,2,2,,en,"San Ramon, CA","RT @MichelCombes: .@Sprint is seeing strong results as we deploy #MassiveMIMO technology, and this independent report by #SignalsResearch c‚Ä¶"
1070516144254070784,1,2,,en,,@silentwalker111 @tucker08087 @sprint If your concerned about those traits this company is no different. After bein‚Ä¶ https://t.co/2f0Tf9k0fC
1070485531555962880,2,2,,en,,@sprint thanks for your excellent service in not having your own technicians being able to fix a SIM card issue. Pl‚Ä¶ https://t.co/63WkxYOi5l
1070525838792232961,1,2,,en,"Dallas, TX",@sprintcare I'm done with this. It took over an hour and still the same bull!
1070458367351685125,2,2,,und,United States,@sprint #santasquad8 https://t.co/TqUccbQOi4
1070528749450346497,1,2,,en,"Overland Park, KS",@Ken_Otis_BCM @sprint @SprintCenter Thank you for reaching out for assistance. Our office is closed for the evening‚Ä¶ https://t.co/kOHnilxmVi
1070457743969042434,2,2,,und,,@sprint
1070504313393504257,2,2,,en,,@sprintcare What a cop out way of dealing with a customer!!!
1070472433172389893,1,2,,en,"West Virginia, USA",@sprintcare i do have a question. how fucking stupid are you guys??
1070525982661066756,1,2,,en,,@sprintcare @marceloclaure @MichelCombes Any update on this?
1070532489981112320,2,2,,und,,#MerryandBrightSweepstakes @sprint
1070528148360572928,1,2,,en,On your mind somewhere in TN,@MichelCombes @sprint So is this why my data isn't working????
1070519567934341120,1,2,,en,"Eugene, OR",@RengekiDeer @sprint Cuz not only do you not get what you paid for they steal your shit.
1070451056470122496,3,2,,en,Where the wild things grow,@sprint winning a 2019 Mercedes would make me so happy I‚Äôd die. It would be the best thing ever!
1070501633501458432,1,2,,en,"Portland, OR","@sprintcare @MichelCombes I/m NoT HeRe FoR A SEllS PItch, YUO're NOT LISTENING TO ME. GET TO WORK or GET BEHIND GLA‚Ä¶ https://t.co/B09Tf4YPE2"
1070512837691404288,4,2,,en,"Indianapolis, IN",What an amazing time to be part of the #sprintfam!
1070458107439079424,2,2,,und,,@SprintEast
1070477126350983168,2,2,,en,"California, USA",Glad to be part of Sprint with leaders like Michel!
1070531773363380224,1,2,,en,Houston,@sprint. My spending limit is decreased. Why is that if I Have an unlimited plan?
1070521000624865280,2,2,,en,"Grinnell, IA",@sprint you fucking suck
1070530289502511104,1,2,,en,sitting on T0P ! ,@OfficialDurrell @sprint Calling tomorrow to complain ... tired of not being able to access things unless I‚Äôm on WiFi smh
1070507686158974976,1,2,,en,"Washington, USA",@sprintcare Alright only under the conditions you agree to let me publicly post the conversation void of personal i‚Ä¶ https://t.co/nym2CeXQ1y
1070484728241971200,1,2,,und,United States,@sprint #MerryandBrightSweepstakes üéÑüéÖ‚ù§Ô∏è
1070513823189106693,2,2,,en,"Washington, USA",@Sprint not sketchy at all trying to get me to use your websites message center instead of twitter DMs like you req‚Ä¶ https://t.co/kXID10SFnP
1070490340501516288,2,2,,en,"Los Angeles, CA",Check out why @sprint Drive is a great gift for the holidays #ontheblog today! https://t.co/YpnVWclz1t #SprintDrive‚Ä¶ https://t.co/tf2vvVM64N
1070502588183797760,2,2,,en,,I will see you in court. @tmobile and @sprint.
1070471159748018176,1,2,,en,Dreamville,@Str8ManSnatcher @sprint @TMobile @verizon I DO WHAT EVER THE FUCK I WANT!
1070475484784410624,2,2,,en,United States,"@sprintcare Quick question! I opened a phone plan with the free year deal, but I actually want to use a different p‚Ä¶ https://t.co/bp4uOFfruA"
1070527921469734912,1,2,,en,,"@sprint nite nite \n#MerryandBrightSweepstakes https://t.co/f0vMGJ3uRR"
1070515050723635200,1,2,,en,"38.891727,-77.023989",@sprintcare why are your reps so incompetent. ü§∑üèΩ‚Äç‚ôÇÔ∏è how about spending my 150$ a month of shitty service to actuall‚Ä¶ https://t.co/ElpK0WhxMU
1070515626907656193,1,2,,en,,@sprint Unlimited but it slows down SO soon mine would last 3 days if I rationed it. If you want turkey unlimited go to @TMobile
1070451476441546753,2,2,,und,,üëç@sprint
1070490330464706561,2,2,,en,,@sprintcare üòî Thanks.
1070534635631853568,1,2,,en,"Richmond, Virginia",@sprint oh I wish I could win the sweepstakes so I can be able to get my kids around catching the bus with three ki‚Ä¶ https://t.co/UH3s1zv9NT
1070535827594317824,2,2,,en,United States,@sprint Planning on taking a road trip to California #MerryandBrightSweepstakes
1070513091597733888,1,2,,en,"38.891727,-77.023989",@sprintcare u mean to tell me after like 15 calls & still haven‚Äôt found a resolution to ur service being shitty. En‚Ä¶ https://t.co/mmMEHSn8bv
1070537117984387072,1,2,,en,Over the Moon,@sprint @FountainKricket Spending it with my daughter on her first Christmas ever #MerryandBrightSweepstakes https://t.co/tsabCqpqLG
1070458033744965632,3,2,,en,,@sprint I am spending and making an effort to be closer to my family.
1070460250829086722,1,2,,en,Boston,"@sprintcare \n\nI need someone to call me from AMERICA who speaks English AND who is KNOWLEDGEABLE about Billing and‚Ä¶ https://t.co/KH39fBhk5f"
1070514651220324358,1,2,,en,"San Francisco, CA",@sprintcare And your store in Serramonte Daly City called to let me know that I did not turn in my old iPhone in ex‚Ä¶ https://t.co/OYkLy9MTCS
1070491817148219392,1,2,,en,,"RT @scott_santi: The big game may be 2 months away, but @Sprint's been super charging our network in #Atlanta w/ triband upgrades, small ce‚Ä¶"
1070467490298429440,2,2,,en,Boston,@sprintcare Never mind
1070539080142868480,3,2,,en,,@sprint #MerryandBrightSweepstakes  Still working on those Christmas lights to get a merry and bright atmosphere
1070469214186569728,1,2,,en,Los Angeles,@GeorgeBruhh_ @sprint @TMobile @verizon I hate you ! Lol ignore my tweets like this fucker!
1070467102870392832,1,2,,en,"Cleveland, OH",Come hang with me at the Steelyard @Sprint Saturday from 3-5pm!! I'll have your shot at Trans-Siberian Orchestra ti‚Ä¶ https://t.co/dT6NJdkRLq
1070501081514422272,2,2,,en,Los Angeles,@MichelCombes @sprint Do you do #SlowCookerSunday like @JohnLegere? Sprint Saturdays? Think I‚Äôll pass. Sticking wit‚Ä¶ https://t.co/b5n9INXl6t
1070522976435617794,1,2,,en,"Back Bay, Boston",RT @NtechYel: Congratulations! @MichelCombes for being this year's #Fiercewireless \"The #Most #Powerful Person\" in the #US #Wireless. It wa‚Ä¶
1070471056115359744,2,2,,en,"Louisiana, USA",RT @MichelCombes: WOW! I‚Äôm very honored to be named @FierceWireless‚Äô ‚ÄúMost Powerful Person‚Äù in the U.S. wireless industry & grateful for th‚Ä¶
1070465084223352833,1,2,,und,,@sprint #santasquad2 #santapictures https://t.co/fasgWHknUY
1070457602721619968,1,2,,en,In the interwebs,.@Sprint doesn't care about phone people  #1percentisalot
1070453591578681346,3,2,,en,,@sprint #MerryandBrightSweepstakes I'm going to put more thoughts into the gifts I will give this year.
1070505647588859904,1,2,,en,"Washington, USA",@sprintcare How about we talk about this publicly. Where everyone can see your shady shit.
1070457757466210304,2,2,,und,las vegas,"@sprint  ^_^ \n#MerryandBrightSweepstakes"
1070524725242273792,2,2,,en,Indiana,ok it was fun at first but i'm sick of the @sprint and @verizon ads
1070489590883061761,1,2,,en,"West Virginia, USA",@MichelCombes @sprint how can i make sure i don‚Äôt see this shit on my twitter timeline .
1070475076775149569,1,2,,en,"California, USA","Brian M. Grady, IT Manager MGM Resorts Intl Corp @MGMResortsIntl is using fake invoices to steam money from MGM. Br‚Ä¶ https://t.co/uJWt7Lfx86"
1070533787128422400,1,2,,und,757,@sprint #MerryandBrightSweepstakes ü•∞ü§ûüèΩ
1070494504073932800,1,2,,en,"Sacramento, CA","@sprintcare first time I called we talked for 20 minutes before she said she couldn't help, so she transferred. The‚Ä¶ https://t.co/sw5Pxw1lxg"
1070459350270005248,2,2,,en,"Orlando, FL",@sprint need my Merced‚Äôs
1070524284005744640,1,2,,en,"Dallas, TX","@sprintcare #sprintdoesntcare\nVery unhappy 15+ year customer!"
1070530449435451392,1,2,,en,,RT @justinBRObara: @Eric_Ramos10 @seanfeeney22 @Bose @BoseService Oh fuck. @Bose vs @seanfeeney22 / @justinBRObara vs DUMB ASS SHIT SERVICE‚Ä¶
1070517728576978945,1,2,,en,"San Francisco, CA",@sprintcare Don‚Äôt accuse your customers! Check your employees!
1070483261737132032,2,2,,en,United States,@MichelCombes @sprint Guess the CEO is involved with the deep state. Next board meeting you all better talk about t‚Ä¶ https://t.co/WJS5AuL12l
1070496444111572992,1,2,,en,"New Orleans, LA ",@sprint y‚Äôall services really fckin suck!!
1070504986843471872,3,2,,en,,@sprint Keeping your mom warm #MerryandBrightSweepstakes
1070459895936413696,2,2,,und,United States,@sprint #santasquad8 https://t.co/A8CqVqBsd7
1070478968313257984,1,2,,en,"Weston, MO//Maryville, MO","S/O to @sprint for losing my phone & giving me a POS loaner phone. This is goodbye. \n\nhello @ATT"
1070469834557730817,1,2,,es,,"@sprint Cuidado con sprint, nosotros nos cambiamos con ellos entregamos 2 iphone y tres android y jamas pagaron a l‚Ä¶ https://t.co/4lGain0euM"
1070511141787459585,1,2,,en,,panish) Email: FederalRelay@sprint.com (for @REEBOK
1070462952778665984,1,2,,en,,@sprint Just tried to do an upgrade on a phone (2nd one in last month)-the on-line system is a joke as it could not‚Ä¶ https://t.co/0KH5lQyN5O
1070534496141815809,2,2,,en,"Greeley, CO","RT @LoveMyCU: Credit union members who are @Sprint customers, check out Sprint's Merry and Bright Sweepstakes! Enter now for a chance to wi‚Ä¶"
1070451982006214656,2,2,,en,,@sprint let the blessings happen!
1070458814468624385,2,2,,und,United States,@sprint #santasquad8 https://t.co/5j9Hjcu3UE
1070511975950499840,1,2,,en,"Washington, USA",@sprintcare If not I'll see you in court. :)
1070454859747520513,2,2,,und,,#santapicture #santasquad5 @sprint https://t.co/Gi1V36GRsw
1070473487792463874,1,2,,en,At the ballpark,@OnAirJACK @sprint Good Taco Bell there too üòÜ
1070474985280598017,1,2,,en,United States,@SullyRP @sprint @LGUSAMobile @htc @SamsungMobileUS @CNET Yes new HTC device
1070515689872592899,2,2,,en,,"RT @MichelCombes: .@Sprint is seeing strong results as we deploy #MassiveMIMO technology, and this independent report by #SignalsResearch c‚Ä¶"
1070453461760729088,2,2,,und,,@sprint #MerryandBrightSweepstakes
1070458653109600261,1,2,,en,"Dallas, TX","RT @sprintnews: .@Sprint is getting ready for the big game and #5G in #Atlanta with #LTEAdvanced, #MassiveMIMO, and LOTS more. https://t.co‚Ä¶"
1070492097772470276,1,2,,en,Kansas City,"RT @MichelCombes: Too early to tell who will be playing #SB53 in Atlanta this February, but the @Sprint network team will be ready with big‚Ä¶"
1070467082314309633,1,2,,en,"Cincinnati, Ohio",@sprintcare @MichelCombes I've done all of that and still haven't received any answers
1070466715442647040,2,2,,en,"Orlando, FL",@sprintcare I already spoke with them and they cannot help. I‚Äôm purposely complaining on social media to tell every‚Ä¶ https://t.co/AbLaUJ3DCC
1070488173401247744,1,2,,en,Kansas City,"Freunde, There is nothing like peace of mind. #SprintComplete provides worry-free wireless protection w/ enhanced s‚Ä¶ https://t.co/xV1kRxiWxj"
1070536002232446977,1,2,,en,iPhone: International,@JohnLegere @TMobile @ATT @verizon @sprint  guess the networks are not made for unlimited. https://t.co/d8dplse99h
1070504835236143105,2,2,,en,,@sprintcare Is this how you deal with potential customers just send them to your website and have them struggle to‚Ä¶ https://t.co/MQvptbUnGc
1070501138644918278,1,2,,en,Gym,@sprintcare Lower the damn rates since y‚Äôall wanna have shitty service 25/8
1070470771116519425,1,2,,en,,"@sprint  literally has the worse customer service ever, their back office is not doin their job and make you sound‚Ä¶ https://t.co/7H6VaSDfsl"
1070515456283475970,2,2,,und,,@sprint #MerryandBrightSweepstakes
1070535885001801728,2,2,,en,"Black Creek, GA","@sprint My girls & I sponsor a Christmas Angel. We don't have much $$ ourselves, but every child is deserving & sho‚Ä¶ https://t.co/2J2Hidk0AP"
1070453291383951360,1,2,,en,USACORPORATION,"RT @Charles5077: 5G is harmful to you and your children's health, it's mainly used in our military as a crowd control weapon üòï https://t.co‚Ä¶"
1070488683483144193,2,2,,en,,@sprint Me reacting to jake paul https://t.co/oMY9yjIHdJ
1070495786708930560,1,2,,en,"San Francisco, CA",@sprintcare Not only two messages BUT THREE! https://t.co/VNPGDnpBuP
1070488314044653568,1,2,,en,Animal Farm,"RT @Charles5077: 5G is harmful to you and your children's health, it's mainly used in our military as a crowd control weapon üòï https://t.co‚Ä¶"
